window_size,lstm_units,dropout,learning_rate,batch_size,epochs,accuracy,recall_weighted,f1_weighted,precision_0,precision_1,recall_0,recall_1,f1_0,f1_1
239,15,0.2,0.001,16,50,0.538462,0.538462,0.537343,0.536585,0.54,0.488889,0.586957,0.511628,0.5625
239,15,0.0,0.001,16,50,0.527473,0.527473,0.525753,0.525,0.529412,0.466667,0.586957,0.494118,0.556701
239,25,0.2,0.001,16,50,0.516484,0.516484,0.516133,0.511628,0.520833,0.488889,0.543478,0.5,0.531915
239,25,0.0,0.001,16,50,0.516484,0.516484,0.514017,0.512821,0.519231,0.444444,0.586957,0.47619,0.55102
244,25,0.2,0.0001,16,50,0.511111,0.511111,0.490741,0.507937,0.518519,0.711111,0.311111,0.592593,0.388889
